Workbook

Sheet Dashboard
A1: ADVOSY GROWTH — Scorecard Dashboard
A2: Live rollup of Inbound + Outbound. Update team tabs weekly; this view recalculates.
A4: 12-MONTH TOPLINE GOAL
A6: Goal | C6: Revenue Captured (YTD) | E6: % to Goal
A7: 10000000 | C7: ='Dept Rollup'!E58 -> 0 | E7: =IF($A$7=0,"",'Dept Rollup'!E58/$A$7) -> 0
A9: Remaining to Goal | C9: Required Avg / Week | E9: Actual Avg / Week
A10: =$A$7-'Dept Rollup'!E58 -> 10000000 | C10: =$A$7/52 -> 192307.69 | E10: =IF(COUNTIF('Dept Rollup'!E6:E57,">0")=0,"",'Dept Rollup'!E58/COUNTIF('Dept Rollup'!E6:E57,">0"))
A12: VOLUME (YTD)
A14: Total Leads Generated | C14: Total Opportunities | E14: Total Customers Converted
A15: ='Dept Rollup'!C58 -> 0 | C15: ='Dept Rollup'!D58 -> 0 | E15: ='Dept Rollup'!H58 -> 0
A17: EFFICIENCY (YTD)
A19: Total Growth Spend | C19: Blended ROAS | E19: Blended CAC
A20: ='Dept Rollup'!F58 -> 0 | C20: ='Dept Rollup'!G58 | E20: ='Dept Rollup'!I58
A22: FUNNEL CONVERSION (YTD)
A24: Lead → Opp % | C24: Opp → Customer % | E24: Avg % Calls Answered
A25: =IF('Dept Rollup'!C58=0,"",'Dept Rollup'!D58/'Dept Rollup'!C58) | C25: ='Dept Rollup'!J58 | E25: =Inbound!C58

Sheet Inbound
A1: INBOUND TEAM — Weekly Scorecard
A2: Capture leads from marketing. Enter blue cells weekly. Gold = TARGET (editable). Green/red flags vs target.
A4: Week # | B4: Week Starting | C4: % Calls Answered | D4: Leads Received | E4: Opportunities Created | F4: Lead → Opp %
A5: TARGET | C5: 0.9 | D5: 75 | E5: 45 | F5: =IF(D5=0,"",E5/D5) -> 0.6
A6: 1 | B6: 46181 | F6: =IF(D6=0,"",E6/D6)
A7: 2 | B7: 46188 | F7: =IF(D7=0,"",E7/D7)
A8: 3 | B8: 46195 | F8: =IF(D8=0,"",E8/D8)
A9: 4 | B9: 46202 | F9: =IF(D9=0,"",E9/D9)
A10: 5 | B10: 46209 | F10: =IF(D10=0,"",E10/D10)
A11: 6 | B11: 46216 | F11: =IF(D11=0,"",E11/D11)
A12: 7 | B12: 46223 | F12: =IF(D12=0,"",E12/D12)
A13: 8 | B13: 46230 | F13: =IF(D13=0,"",E13/D13)
A14: 9 | B14: 46237 | F14: =IF(D14=0,"",E14/D14)
A15: 10 | B15: 46244 | F15: =IF(D15=0,"",E15/D15)
A16: 11 | B16: 46251 | F16: =IF(D16=0,"",E16/D16)
A17: 12 | B17: 46258 | F17: =IF(D17=0,"",E17/D17)
... A57: 52 | B57: 46538 | F57: =IF(D57=0,"",E57/D57)
A58: TOTAL / AVG | C58: =IFERROR(AVERAGE(C6:C57),"") | D58: =SUM(D6:D57) -> 0 | E58: =SUM(E6:E57) -> 0 | F58: =IF(D58=0,"",E58/D58)

Sheet Outbound
A1: OUTBOUND TEAM — Weekly Scorecard
A2: Generate opportunities via prospecting. Enter blue cells weekly. Gold = TARGET. Green/red flags vs target.
A4: Week # | B4: Week Starting | C4: Outbound Calls Made | D4: Opportunities Created | E4: Call → Opp %
A5: TARGET | C5: 500 | D5: 25 | E5: =IF(C5=0,"",D5/C5) -> 0.05
A6: 1 | B6: 46181 | E6: =IF(C6=0,"",D6/C6)
A7: 2 | B7: 46188 | E7: =IF(C7=0,"",D7/C7)
A8: 3 | B8: 46195 | E8: =IF(C8=0,"",D8/C8)
A9: 4 | B9: 46202 | E9: =IF(C9=0,"",D9/C9)
A10: 5 | B10: 46209 | E10: =IF(C10=0,"",D10/C10)
A11: 6 | B11: 46216 | E11: =IF(C11=0,"",D11/C11)
A12: 7 | B12: 46223 | E12: =IF(C12=0,"",D12/C12)
A13: 8 | B13: 46230 | E13: =IF(C13=0,"",D13/C13)
A14: 9 | B14: 46237 | E14: =IF(C14=0,"",D14/C14)
A15: 10 | B15: 46244 | E15: =IF(C15=0,"",D15/C15)
A16: 11 | B16: 46251 | E16: =IF(C16=0,"",D16/C16)
A17: 12 | B17: 46258 | E17: =IF(C17=0,"",D17/C17)
... A57: 52 | B57: 46538 | E57: =IF(C57=0,"",D57/C57)
A58: TOTAL / AVG | C58: =SUM(C6:C57) -> 0 | D58: =SUM(D6:D57) -> 0 | E58: =IF(C58=0,"",D58/C58)

Sheet Dept Rollup
A1: GROWTH DEPARTMENT — Weekly Rollup
A2: Green = auto-linked from team tabs. Blue = enter weekly (revenue, spend, customers). Black = auto-calculated.
A4: Week # | B4: Week Starting | C4: Total Leads Generated | D4: Total Opportunities Created | E4: Total Revenue Captured | F4: Total Growth Spend | G4: ROAS | H4: Total Customers Converted | I4: CAC | J4: Opp → Customer %
A5: TARGET | C5: 75 | D5: 70 | E5: 192308 | F5: 48000 | G5: =IF(F5=0,"",E5/F5) -> 4.0064167 | H5: 60 | I5: =IF(H5=0,"",F5/H5) -> 800 | J5: =IF(D5=0,"",H5/D5) -> 0.85714286
A6: 1 | B6: 46181 | C6: =Inbound!D6 -> 0 | D6: =Inbound!E6+Outbound!D6 -> 0 | G6: =IF(F6=0,"",E6/F6) | I6: =IF(H6=0,"",F6/H6) | J6: =IF(D6=0,"",H6/D6)
A7: 2 | B7: 46188 | C7: =Inbound!D7 -> 0 | D7: =Inbound!E7+Outbound!D7 -> 0 | G7: =IF(F7=0,"",E7/F7) | I7: =IF(H7=0,"",F7/H7) | J7: =IF(D7=0,"",H7/D7)
A8: 3 | B8: 46195 | C8: =Inbound!D8 -> 0 | D8: =Inbound!E8+Outbound!D8 -> 0 | G8: =IF(F8=0,"",E8/F8) | I8: =IF(H8=0,"",F8/H8) | J8: =IF(D8=0,"",H8/D8)
A9: 4 | B9: 46202 | C9: =Inbound!D9 -> 0 | D9: =Inbound!E9+Outbound!D9 -> 0 | G9: =IF(F9=0,"",E9/F9) | I9: =IF(H9=0,"",F9/H9) | J9: =IF(D9=0,"",H9/D9)
A10: 5 | B10: 46209 | C10: =Inbound!D10 -> 0 | D10: =Inbound!E10+Outbound!D10 -> 0 | G10: =IF(F10=0,"",E10/F10) | I10: =IF(H10=0,"",F10/H10) | J10: =IF(D10=0,"",H10/D10)
A11: 6 | B11: 46216 | C11: =Inbound!D11 -> 0 | D11: =Inbound!E11+Outbound!D11 -> 0 | G11: =IF(F11=0,"",E11/F11) | I11: =IF(H11=0,"",F11/H11) | J11: =IF(D11=0,"",H11/D11)
A12: 7 | B12: 46223 | C12: =Inbound!D12 -> 0 | D12: =Inbound!E12+Outbound!D12 -> 0 | G12: =IF(F12=0,"",E12/F12) | I12: =IF(H12=0,"",F12/H12) | J12: =IF(D12=0,"",H12/D12)
A13: 8 | B13: 46230 | C13: =Inbound!D13 -> 0 | D13: =Inbound!E13+Outbound!D13 -> 0 | G13: =IF(F13=0,"",E13/F13) | I13: =IF(H13=0,"",F13/H13) | J13: =IF(D13=0,"",H13/D13)
A14: 9 | B14: 46237 | C14: =Inbound!D14 -> 0 | D14: =Inbound!E14+Outbound!D14 -> 0 | G14: =IF(F14=0,"",E14/F14) | I14: =IF(H14=0,"",F14/H14) | J14: =IF(D14=0,"",H14/D14)
A15: 10 | B15: 46244 | C15: =Inbound!D15 -> 0 | D15: =Inbound!E15+Outbound!D15 -> 0 | G15: =IF(F15=0,"",E15/F15) | I15: =IF(H15=0,"",F15/H15) | J15: =IF(D15=0,"",H15/D15)
A16: 11 | B16: 46251 | C16: =Inbound!D16 -> 0 | D16: =Inbound!E16+Outbound!D16 -> 0 | G16: =IF(F16=0,"",E16/F16) | I16: =IF(H16=0,"",F16/H16) | J16: =IF(D16=0,"",H16/D16)
A17: 12 | B17: 46258 | C17: =Inbound!D17 -> 0 | D17: =Inbound!E17+Outbound!D17 -> 0 | G17: =IF(F17=0,"",E17/F17) | I17: =IF(H17=0,"",F17/H17) | J17: =IF(D17=0,"",H17/D17)
... A57: 52 | B57: 46538 | C57: =Inbound!D57 -> 0 | D57: =Inbound!E57+Outbound!D57 -> 0 | G57: =IF(F57=0,"",E57/F57) | I57: =IF(H57=0,"",F57/H57) | J57: =IF(D57=0,"",H57/D57)
A58: TOTAL / AVG | C58: =SUM(C6:C57) -> 0 | D58: =SUM(D6:D57) -> 0 | E58: =SUM(E6:E57) -> 0 | F58: =SUM(F6:F57) -> 0 | G58: =IF(F58=0,"",E58/F58) | H58: =SUM(H6:H57) -> 0 | I58: =IF(H58=0,"",F58/H58) | J58: =IF(D58=0,"",H58/D58)
